komentar,label
<username> Simulasi indonesia kembali dijajah keturunan belanda kedepan... bye bye talenta anak bangsa lokal indonesia... bubarkan liga dan pencarian bibit unggul atlet bola drpd rusak mental anak bangsanya...,negatif
<username> <username> <username> keturunan lain yang gak main bola emang bisa di naturalisasi istimewa?   kepentingan negara itu sesuatu yg subjektif tergantung petingginya. akal akalan.  naturalisasi biasa wajib bisa bahasa indonesia.,negatif
"<username> <username> uda botak keturunan penjajah, sok si paling paham tentang bola lu. Coach mentok karir ngelatih futsal aja sok oke lu anjing",negatif
"<username> <username> <username> Belum tentu, gak semuanya jadi pemain bola. Dan yg milih karir sebagai pemain bola pun belum tentu kualitasnya cukup buat timnas. Kalau PSSI cuma fokus ke pemain keturunan mah sama aja mempersempit kolam mereka sendiri.",negatif
<username> <username> <username> Lu nya aja yg bego. Makanya nonton sendiri tolol. Persepsi orang beda* nggak harus sama bego. Memang coach tolol sty tolol out aja udah,negatif
"<username> Saya punya saran kepada <username> <username> <username> kita terkenal dengan pola permainan yang cepat jika itu dihilangkan maka itu bahaya besar dalam persepak bolaan kita,. Jadi mohon disampaikan ke <username>. Ini ciri khas permainan kita!!!",negatif
Ini STY ga coba asnawi jadi gelandang aja? VO2 max nya paling tinggi loh diantara pemain timnas.,negatif
"<username> <username> <username> Bukan masalah bnyak kesempatan, tiap taun juga bnyak turnament sebenernya, tpi gua rasa ini salah satu hajat besar pssi, tiap taun cuman bersaing di level asia tenggara. Di piala asia inilah kredibilitas ET/STY di pertaruhkan. Klo pildun mah merem dh jngn ketinggian ekspetasinya.",negatif
"<username> Biasa, sty klo tantrum kan gtu. Semua hal dibawaÂ², mna gaada yg ngingetin pulaa.",negatif
<username> Setelah pulang ke tanah air apakah akan dilempari telur juga layak nya timnas Korsel yg gagal di era sty ðŸ¥²ðŸ¥²ðŸ¥²,negatif
"<username> <username> posisinya arhan double juga tuh sama edo, apa spesialnya bgst arhan, STY emang nih",negatif
"yaampun coach sty rek, dendy teross",negatif
<username> gw mh yakin habis piala asia STY dipecat,negatif
"Wew ga ngira Adam Alis yg dicoret sih...Di liga main ok, kemarin main ok, dan stok gelandang juga tipis banget...  Meanwhile striker rame beneerr...  Semoga STY ga salah pilihðŸ¤²",negatif
"<username> Tim sampah !!!!  Coachnya sampah, miskin taktik!!   Goblok!!!! Out aja sty out pelatih mentok !!!",negatif
<username> Kenapa bukan Dendy S dn Dimas D....sty takut x sama bosnya mrk yaðŸ˜ðŸ˜ðŸ˜,negatif
<username> gue curiga ne anak biar dicoret masuk list senior ma STY jadi masih peluang masuk Timnas Belanda..eeeh malah dibawa juga di Piala Asia ma STY ðŸ˜,negatif
<username> Dendi pasti nyimpen pap tt nya sty. Dimaninin terus tu bocah,negatif
<username> dendy punya vidio sty lagi ngocokk makanya di panggil terus,negatif
<username> <username> Pokoknya percaya penuh soal STY kecuali perihal mempertahankan Dendy di skuadðŸ™„,negatif
"<username> <username> <username> Balik ke statement saya kemarin, Dendy salah satu anak emas"" STY yang selalu dia percayakan namun tidak juga kunjung perform. Agak laen memang STY ini.""",negatif
<username> Lo nanya dendy ke sty nanti yang maju jawab pak manajer timnas un wkwk,negatif
Bikin desak STY anjir ini dendy bapuk ngapain masih dipanggil mending ipang coy larinya ngebut,negatif
<username> dendy punya foto sty lagi berak,negatif
"<username> <username> <username> sampe skrng tgl 4 januari 2024 sikon hujan sedang, masih belum paham mksd sty dendy ada mulu",negatif
"<username> Udah pasti dendi nyimpen poto bugil sty, makanya selalu d bawak dan starter si biawak sunge satu ni",negatif
atlit lempar lembing gak pernah main di klub masih dipanggil timnas aja udah aneh. jadi gak begitu heran sama keputusan sty setelahnya.   apalagi si dendy karyawan tetap juga dipanggil terus. udah lah jangan berharap banyak ðŸ˜‚,negatif
<username> keknya Dendy ini nyimpen foto telanjang STY deh..,negatif
<username> Fix STY punya hutang budi sama dendy,negatif
<username> Siap2 naikan tagar sty out!ðŸ¤­,negatif
<username> No 12 emang bagus yaðŸ¤£ sty mana berani nyoretðŸ«¢ðŸ˜,negatif
<username> <username> sty juara ngeles,negatif
"Beberapa kali liat STY pake 442 pas lawan tim bagus, selalu hasilnya jelek. Semoga di Piala Asia pake 352 aja  Ernando Ridho  Amat  Elkan Walsh  Ivar  Marsel  Klok  Shayne Rafael  Dimas",negatif
<username> Dendi bekingannya jendral sty takut kyknya coret dia ðŸ˜,negatif
"<username> Hanya punya 4 gelandang tengah murni untuk minimal 3 pertandingan. Benar2 keputusan beresiko tinggi. Mungkin STY  mencoba Asnawi, Jordy dan Shandy sebagai alternatif gelandang tengah jika ada yg cedera atau akumulasi. Faktanya 2 yg dicoret gelandang tengah semua",negatif
<username> Sudah di bilang Dendy punya foto sty lagi berak un,negatif
"seseorang tolong bikin acara desak sty, aku udah nyiapin 10 pertanyaan 9 pertanyaan ttg dendy",negatif
<username> <username> banyak yang denial bang kalau sty itu jauh lebih buruk dibanding luis milla,negatif
<username> <username> dendi kntl Setiawan ini klo masih di mainin kagak tau lgi dah sty,negatif
"<username> Adam alis arkhan fikri baru maen sebentar njirr Gw kira mulai pencoretan setelah laga lawan libya besok. Ga ngerti sama sty, sulit ditebak.",negatif
"<username> sty sayang bgt sm arhan yg engga perform di klub (skrg tanpa klub), kenapa engga arhan aja ya yg dicoret? bek kiri timnas ada 3 itu shayne, edo, arhan.",negatif
"<username> takut bgt sty bkl blunder dh. krn bingung sbtulnya sih, masa depan pemain itu bukan tugas coach, tp balik lagi dr usaha pemain itu. let's see lah ya, bkl dibawa kemana sbnrnya iniðŸ˜”",negatif
<username> <username> STY Out Piala Asia gagal Total. PHS jadi Platih Desember 2024 juara AFF. Putaran 3 WC,negatif
"<username> gw yakin seyakin yakinnya STY habis piala asia di pecat, pelatih tolol",negatif
"<username> Klo STY masih pake single pivot, dan 2 gelandang harus mencover area yg luas, w pesimis sihðŸ˜žðŸ˜ž",negatif
"Dengan alasan2 ini, menurut saya STY tak sepenuh hati membangun timnasional. Ia hanya gila atensi dan ambisi pribadi.  Keadaan ini mengingatkan lagi kepada kontroversi di awal2 kedatangannya. Ia pernah bersilang pendapat dengan Dirtek Pssi.",negatif
"Di tengah harapan menunggu proses yang menjadi sebab kita sabar, STY tergoda jalan pintas: naturalisasi.  Bukan soal boleh nga bolehnya, haram dan tidak. Iya, boleh saja. Tetapi sebenarnya ia telah mengingkari fatsum yg telah ia janjikan.  Ndasmu proses!",negatif
"Kontek berubah ada benarnya. STY telah merubah wajah timnas. Ia memulai membangun timnas dengan wajah2 baru, tidak lagi yang itu-itu lagi.  Tapi, indikator berhasil tidak hanya itu. Pada bagian2 yang lain, STY jauh dari kata berhasil. Ia gagal di banyak aspek.",negatif
"Kenyataannya, dalam 4 thn bertugas, STY masih saja bingung menentukan 11 reguler yang menjadi starting baku.  Ia belummemberi tropi apapun. Soal permainan, sesekali saja timnas enak ditonton.  Tapi kata warganet, timna telah berubah.",negatif
<username> <username> Lord dendy sejak jaman sty auto main bro,negatif
"STY hanya punya Piala Asia untuk membuktikan kemampuannya meracik tim.  Ia telah terlalu banyak diberikan privilese. Oleh federasi juga warganet. Ia menjadi pelatih dengan durasi terpanjang dalam 25 thn terakhir. Juga upah paling besar, juga dimanjakan dgn suntikan pemain rantau.",negatif
<username> Apa yg diliat sty ya dari sosok dendy dan dimas,negatif
"Sebenarnya STY punya seribu alasan untuk mengindahkan Dendy.  Musim ini ia tak tampil baik di liga1. Pemanggilannya juga penuh drama, sampai2 manajer Timnas dibully karena faktor kedekatan.  Sparing vs Libya tempo hari juga bermain alakadar. Belum nemu alasannya dipertahankan.",negatif
"<username> Opsi lini tengah tipis, yang menjadi pertanyaan edo febriansah ini salah satu anak emas sty jarang main tpi di panggil terus",negatif
"<username> emg harus diremehin ini timnas, sty kalo gagal total di piala asia sama kualifikasi pildun pressure buat angkat kaki pasti jadi sorotanðŸ‘€",negatif
<username> dendy punya foto bugil sty kayaknya,negatif
<username> <username> dendy ini sty ngeliat apa nya sih?,negatif
<username> Timnas jalan di tempat gk ada perkembangan. Sty gaya doang,negatif
<username> <username> <username> ini sty udah jadi dewa gak boleh dikritik?,negatif
"<username> Titipan pemda jangan Sampai di coret,  nanti karir sty bisa terancam",negatif
<username> Dendy pegang rahasia STY apa ya? ini kalo STY ngelatih korsel juga Dendy tetep di undang ðŸ¤“,negatif
"<username> Kecoretlah kemaren dapat bola sisi kiri larinya kaga ada, ada peluang disia siain Kaya gitu mau jadi Ter arhan arhannya STY  Mana main",negatif
"<username> Dendy ini pemain titipan cok, masa iya Pelatih sekelas STY buta matanya lihat kualitas pemain kek Dendy ðŸ¤£ðŸ¤£ðŸ¤£",negatif
<username> <username> Keknya sty gamau panggil pemain dr klub yang pemiliknya problematicðŸ¤­,negatif
<username> <username> <username> Ha yang bener lebih baik dari yg gk dipanggil? Goal di liga itu cuma 1 bro udah lah ini itu dipaggil bukan karena perfrom tapi suka suka sty aja kalau perform malik rizaldy lilipaly dah dipanggil,negatif
<username> <username> Dendy punya video skandal sty ya? Wkwk,negatif
<username> <username> Kesayangan STY itu...  Begitu pentingnya kehadiran mereka berdua di timnas melebihi prestasinya #eh ðŸ¤­,negatif
"<username> selama masih ada duo el titipan lord dendi - dimas drajat, jan berharap banyak deh:) btw goodluck STYðŸ˜Š",negatif
<username> dendi kesayangan STY,negatif
"<username> Udahalh juru kunci pasti ni timnas, emang aneh STY, pemain jadi camat di klub dipertahanin mulu, pemain cuma lari lari doang juga dibawa",negatif
<username> Curiga dendy nyimpen foto Sty,negatif
<username> Kita punya 7 forward dan masih ada dendy disana. Rahasia sty apa yg dia pegang sampe sebegininya?,negatif
<username> <username> Dendi nyimpen foto bugil nya sty kali,negatif
<username> Dendy sama arhan punya aib nya sty kayanya nih,negatif
<username> dendi anak emas ya ? Mas STY... hahaa,negatif
<username> <username> Realistis saja pak liat cara main dendi dibawah sty sm adam alis dibawah sty enakan mainnya adam alis. Ini mah pribadi saya saja pak. Tiap orang bebas berpendapat,negatif
<username> Dendy ngmg apa ya ke sty sampe dibawa trs,negatif
"<username> <username> <username> sempet kepikiran gini juga. apa mungkin sty gak ngambil dari sono gara2 takut di intervensi bos nya. jadi, daripada rame mending kagak aja dah. ðŸ˜",negatif
"<username> <username> Gak malah sty masih gambling, jelas-jelas saat Lilipaly maen lawan Turkmenistan bagus trus sty juga butuh pemain yg senior tapi malah cuma ada dua aja yg senior yaitu Jordi sama klok ini mnurut gua Sty kayak kurang pede malah gambling trus ke Adam alis yg udh di calling dua kali",negatif
"<username> <username> <username> Si fajar harusnya yg patut di coba mah ,malah Adam alis yg di calling lagi udh gitu di coret lagi sty nih kadang kadang masih perjudian Mulu",negatif
"<username> dendi ama arhan kok masih ada aje.... dibelakangnye pasti orang kuat nih, sty aj ampe kicep",negatif
"WKWWKK LEBIH MILIH DENDY DIBANDIN ADAM ALIS ðŸ¤£ pasrah aja, kadang2 emang sty",negatif
"STY lebih pilih Egy, Hokky, dan Dendy dibanding Adam Alis ðŸ¤·â€â™‚ï¸",negatif
<username> Wkwkwk Adam Alis dicoret ? Gila vener sty,negatif
"<username> Hallo om sty, ada masalah apa sama Borneo ðŸ« ",negatif
"<username> Udahalh juru kunci pasti ni timnas, emang aneh STY, pemain jadi camat di klub dipertahanin mulu, pemain cuma lari lari doang juga dibawa",negatif
"<username> dendy ni punya video bokep sty atau gimana, gapaham w dipanggil terus",negatif
FIX DENDY PUNYA FOTO TELANJANG STY https://t.co/oLHfDwu83F,negatif
<username> Dendy sama arhan punya aib nya sty kayanya nih,negatif
<username> Yang saya heran dari STY ini sudah ada saran dari expert tapi kok ttp ga didengar ya? https://t.co/KbPr6Xbp5Y,negatif
"<username> <username> Kalo gua jadi sty gua coret Edo panggil Lilipaly atau si fajar,di posisi bek kiri Ampe 3 nama gitu ada Shayne,arhan sama edo",negatif
"<username> Asli dari pada manggil arkhan Fikri sama Adam alis yg udh numpuk bngt di pemain tengah , mending panggil Lilipaly soalnya mental Lilipaly lumayan oke gak paham sama Sty",negatif
<username> kenapa gak coba STY? kan bentar lagi doi cabut dari timnas,negatif
<username> <username> Taik sty pelatih mentok udah nggak punya plan A B C  Udahlah #shintaeyongout,negatif
"STY, sebaiknya siap2 pulkam ke Korea...dia cuma comot2 pemain Eropa, semua orang juga bisa..",negatif
<username> STY : Tenang..jagoan dateng belakangan...pulang nya duluan juga ðŸ˜…,negatif
"<username> jujur performanya mulai mundur STY ini 2 tahun lalu bisa ngalahin Kuwait dan Curacao yang levelnya diatas/setara Libya  makanya kemarin sempet optimis ngalahin Irak karena pernah menang lawan Kuwait di kandang lawan, eh malah jadi selangkah mundur ðŸ˜…",negatif
"Hasilnya...bisa diduga..kalah telak..tapi bukan soal kalah menang..tapi kita perlu bangun atlit sep bola...bukan atlit dadakan, comot dari Eropa....jika terus begitu,..sampai kapanpun PSSI TDK akan maju dan modern, lebih baik STY, pulang saja..",negatif
<username> Siap2 STY kebantai yg ke dua kali,negatif
<username> <username> <username> <username> <username> Biar penyefong sty ga pada tolol,negatif
"<username> <username> <username> Dia macam ada persaingan pribadi dgn indra safriðŸ¤£, indra safri setelah dpt seagames,sty ngerubah pakemnya, lo perhatiin aja timnas thn 2022 vs 2023 beda bgtðŸ¤£ðŸ˜†",negatif
"<username> Masih heran kenapa STY masih belum tertarik masukin di ke Timnas,padahal multi posisi juga. Jujur aja dibanding slot bek kiri diisi Edo dan Arhan mending Fajrin kemana-mana.",negatif
Sty paling bisa kalo kasih alasan..dan publik lgsg percaya  Inikah namanya cinta..,negatif
<username> Percaya Sty?...lihat aja nanti...drakor,negatif
<username> Udah pake pelatih sekelas STY masih bobrok  <username> kapan evaluasi? Kompetisi usia dini gimana? Kompetisi piala indonesia gimana? Kompetisi liga putri gimana?,negatif
Selama STY pasang Dendy &amp  Edo. Gw anggep dia lagi coba2 atau sembunyiin taktik. Dah,negatif
<username> dendi anak pejabat saha sih? dipanggil mulu tolol sty blog goblog disetir pejabat.,negatif
<username> <username> STY OUT JIKA TAHUN DEPAN KALAH DARI TIMOR TIMUR,negatif
<username> Kalo gak bisa menang lawan Vietnam mending STY out!,negatif
<username> <username> IN STY WE TRUST HILIH MBILGIDIS,negatif
"<username> pelatih  sty  harus  bisa  menemukan  solusi  lini  depan  timnas  indonesia    masih  bermasalah ,masih tumpul, kurang kreatif  membuka  ruang  untuk  mencetak  gol,  insitingnya   kurang      dalam mencetak gol untuk   bersaing  dipiala  asia  sebentar lagi.",negatif
<username> Kalau enggak menang lawan Vietnam siap2 aja sty  di serang sana-sini Soalnya statement doi lebih penting afc,negatif
<username> <username> El titipan ini aura magisnya mampu membuat sty terhipnotis,negatif
<username> Indonesia bgt ngetroll y kritik sty. Sampe lupa sty udah berapakali kalah dan milih pemain titipan,negatif
<username> <username> Bukan belain sty tp hari ini memang secara sistemnya berantakan dari liga sampai dari segi pribadi pemainnya. Liat malaysia memang JDT nunggu federasi atau kim pan gon ketemu mereka untuk naikin kualitas fisik pemain clubnya? Nunggu federasi untuk punya fasilitas grade A afc?,negatif
"<username> <username> Di aff kemarin mati kutu ama irianto, tp ya gak tau sty lebih suka pake klok buat dmf",negatif
"<username> emg pelatih nya kek orang gblok, pemain oke gbs diolah. sty badutt",negatif
"<username> Terlepas dari selera STY, sepertinya memang kepingan di lini depan lebih cocok untuk Lilipaly ketimbang Dendy/Egy",negatif
"Pak STY, cobalah tekankan ke pemain Nasional itu, tidak zamannya lagi melewati pemain lawan dengan melego, kerja sama yang paling utama.",negatif
"<username> Rooney nganggur? suruh gantiin sty aja udh, Mayan jadi pelatih indo atau minimal jadi assisten pelatih sty dah",negatif
"<username> <username> Bro gw pendukung sty dr awal. Tp ini uda kelamaan dan alesannya mutar muter itu aja. Awal2 sty bagus, tp lama2 ga jelas dan dipertanyakan mulai dr taktik dan pemainnya. Cb itu pelatih lokal pasti uda lama dipecat, standartnya ganda pssi yg skrg dan kental buzzernya..",negatif
"<username> <username> Percuma aja pake pemain keturunan kalo pelatih nya aja gak bisa komunikasi dengan baik jadinya ambyar, mending ganti tuh sty, pake pelatih yg bisa komunikasi dgn baik seperti giovani van bronkhorst atau pieter huistra, pasti gacor deh pak erik.",negatif
Lebih bisa berpikir positif percaya prosesnya Thomas Doll di Persija daripada percaya prosesnya STY di Timnas. ðŸ™,negatif
"<username> Percuma kalo pelatih nya STY, yg main ttep Dendy sama asnawi",negatif
<username> <username> Takutnya kyk lilipaly gitu ga kepake sama pelatih sekelas STY,negatif
"<username> <username> Pemain lain masih ada, istirahat kalau masih capek.  Pemain lain udah ikut TC lama ya udah siap main, ini baru Dateng dipaksain main. Hadeeh STY OUT",negatif
<username> STY udahan lah.  capek dia.  <username> fokus benahi kompetisi lokal dulu.,negatif
setelah rewatch Indonesia VS Libya. Satu yang harus dibenahi sama STY. Off the ball pemain kita jelek :(,negatif
"<username> Mending taktik satu aja terus dihapalin pemain sampai mateng, yg dinaturalisasi belakang yg blunder belakang juga... PR sty bagaimana membuat pemain naturalisasi mau bekerja keras",negatif
"<username> <username> STY itu cuma nyari kambing hitam dari kegagalannya. Kebantai sama Irak, dikambinghitamkan Nadeo. Gagal di AFF sama SEA Games, dikambinghitamkan pemain lokal. Draw lawan Filipina, disalahkan lapang sama main away.",negatif
"<username> <username> Pemain naturalisasi kaya pemain tarkam,apa ini Karna strategi sty yg ngaco",negatif
<username> <username> <username> Mohon maaf mas sty minta ny kiper yg bisa buildup dari bwah bukan yng ngnadelin long up ðŸ™Œ,negatif
<username> <username> Kebanyakan makan mie....lawakðŸ˜œSTY is OUT,negatif
<username> <username> Bener sih STY terlalu nyaman,negatif
"<username> Bek bego, ngapain kayak main futsal depan gawang passing passing ga jelas. Kalian masih percaya STY? Masih mau naturalisasi pemain terus? Hasilnya nol besar semua ðŸ˜€",negatif
"<username> Kali ini sory to say , STY dah mentok. Bedanya sama PHS .. PHS konsisten STY malah coba coba mulu",negatif
"<username> izin sedikit menambahkan bung opik, pemilihan pemain yang dilakukan oleh coach sty ini patut di pertanyakan, saya ambil contoh LORD Dendy sang anak emas sty yang sudah berkali menjadi starter tapi tidak perform juga amit"" #opinidenganadab""",negatif
<username> Knp dah perasaan awal2 dpgang sty bagus bener skrng jd merosot  Apa krna perlawanan nya yg beda??,negatif
<username> sty suruh jadi coach timnas amin aja dah,negatif
<username> salah di STY ga bawa fano,negatif
"<username> Yh salah pelatih dong, krn pelatih hebat pasti mampu mengakomodasi kualitas pemainnya, klo pemain ga bisa maen possesion yg jgn main itu, pemilihan pemainnya juga byk kurang tepat kok STY, contoh dendy ma egy itu ga banget maennya",negatif
"<username> kayaknya STY kena teluh,kwkwkwkkw",negatif
<username> Kemampuan STY sudah mentok dgn personil Garuda.,negatif
"<username> wkwkwk sampe agak kacau krn mertahanin gaya main, tapi keliatannya sekacau apapun gaada perubahan taktik selama pertandingan (pdhl di pertandingan kompetitif sty sering ubah2 taktik), kemungkinan besar ini akan jadi pakem taktik buat piala asia cmiiw",negatif
"<username> setuju bngt bro...first half eksperimen STY Gagal total tuh. pemaen lokal yg diFirst half pada prett semua maennya gajelas ga bisa apa2 bkin bnyk kesalahan...klo klh satu gol masih dimaklumin,ini 4 gol tanpa balas. memalukan",negatif
"<username> Tolong  selamatkan Timnas, jika mmg hasil buruk terus menerpa, segera saja STY diberhentikan, sakit hati kami dengan hasil semalam",negatif
<username> Komunikasi..satu kekurangan sty gk bs bhs inggris.,negatif
"Saran ke STY, latih pemain utk bikin gol ke gawang lawan, aturan baru di spbola hal itu diperbolehkan....",negatif
<username> jelasin donk knp sandy walsh kmrn gak maen ya? Capek? Cedera atau bgmn ya?? Lbh pilih maksa witan jd bek kanan... Apa STY sbgitu gak suka nya sama Sandy Walsh????,negatif
"<username> Pak timnas kita keog lagi pak dengan skor mencolok lagi ðŸ™‚, tolong bilangin ke STY jangan gonta-ganti formasi permainan pak kalo bisa semua pemain keturunan yg ada di line up diturunin semuanya besok di leg ke 2 biar ngga kebantai lagi",negatif
"<username> <username> carlo ancelotti juga bagus ,tp ketika dia mulai jelek ya d8ganti zidane hasilnya real madrid  tambah keren   PSSI bisa meniru ini ganti STY dgn pelatih baru",negatif
"formasi 4-2-2-2 yg dicoba coach STY kemaren emang bener-bener baru dan keliatan banyak celahnya. apalagi di babak ke-2 yg sampe mainin Marselino di posisi no. 8 (bukan di no. 10 yg biasa dia main). jadi ya jelas, kacau.  tapi ya itu fungsinya laga uji coba ya, kan? ðŸ˜„",negatif
<username> <username> STY kelas mana ðŸ˜‚,negatif
"<username> Dengan skuad rasa Eropa"" sepertinya taktik STY malah kurang cocok dengan gaya permainan liga Eropa ya. Bisa jadi STY akan diganti pelatih asal Eropa. Who knows? ðŸ˜Œ""",negatif
"<username> Dengan skuad rasa Eropa"" sepertinya taktik STY malah kurang cocok dengan gaya permainan liga Eropa ya. Bisa jadi STY akan diganti pelatih asal Eropa. Who knows? ðŸ˜Œ""",negatif
<username> <username> memang akhir perjalanan STY bentar lagi keknya bang,negatif
"<username> NADEO main di tiga match kualifikasi piala Asia lalu dan melakukan banyak save lawan Kuwait dan Oman. Hanya karena kesalahan lawan Irak lalu pdhal beknya bapuk. STY ga bijak saat itu. Setidaknya dia dipanggil ke Asia entah jadi kiper 1,2 atau 3. Lagian diklub lagi perfome",negatif
"Saatnya dibehentikan. Bukan STY yg tak bagus. SDM sepak bola kita yg tidak kuncung muncul krn pembinaan yg masih asal. Sekaliber apapun pelatih akan mentok pd akhirnya. PR besar, Pembinaan. Kurikulum Sekolah Sepak Bola harus ada. Jgn usia muda gila kompetisi. Paham <username>?",negatif
<username> <username> Wkwk uda brp tahun ini sty dan target gagal semua msh blg jgn terlalu dini,negatif
<username> <username> Berarti dibawah STY  timnas jadi jelek  yang dulu bisa dikalahin sekarang gk bisa,negatif
<username> Beresin sepak bola aja boss.. naturalisasi ya..  piala Asia ya... Kanjuruhan ya..  Apa minat jadi gubernur jakarta?,negatif
"Kalah lagi naturalisasi lagi, kalah nambah lagi naturalisasi... tetep pecundang? akhirnya skuad inti 99% legiun asingðŸ˜… (mirip filipina sm singapore beberapa tahun lalu).  Filipina sm singapore wajar karena kekurangan SDM olahraga, bcos negeri kecil n bkn negara bola,, lah kita?",negatif
<username> <username> <username> <username> Udah naturalisasi kali kayak pemainÂ² sepak bola ðŸ˜œ,negatif
<username> 270 juta rakyat Indonesia gak dapat 11 orang yg jago main bola shg naturalisasi banyak pemain luar diperlukan. Nonton bola gak lagi seseru klo rakyat asli Indonesia yg main. Rakyat gak lagi merasa memiliki kesebelasan nasional,negatif
Jargon NKRI harga mati gak berlaku buat BOLA hahaha payah sah 200 juta lebih rakyat indonesia eh malah naturalisasi,negatif
<username> CUMA BISA MAIN BOLA KETIKA ADA PEMAIN ASIN- EH NATURALISASI? https://t.co/0YhMiS1VoU,negatif
<username> <username> <username> Nah ini lah lo termasuk org yg membentur-benturkan lokal sama naturalisasi korban omongan STY yg suka menjelek-jelekan lokal dan mengagung-agungkan naturalisasi.,negatif
Naturalisasi pemain asing adl program PSSI yg memalukan bangsa ini krn dunia luar menganggap dari 270 juga rakyat gak ada bahkan 11 orang yg jago main bola pdhl PSSI yg tlh gagal membina dan mencari bibit pemain. PSSI hrs menghentikan program hina ini,negatif
"Ya pantes aja masih banyak yg kontra naturalisasi half-blood. Mungkin masih banyak yg trauma sm yg modelan bgini. Semoga pemain2 yg skrg bs jd contoh yg lebih baik, di dalam maupun luar lapangan.",negatif
"Kita maunya instan, mau target besar tapi dgn cara instan. Naturalisasi dijadikan solusi bukan dgn membenahi sekolah sepak bola, kurikukum sekolah sepak bola, kompetisi usia muda yg masih centang prenang gak tahu arah juntrungannya. Kita sudah gagal krn tak mau belajar.",negatif
"<username> <username> Wajar kalah, emang pantas kalah... Kualitas timnas juga cermin dari kualitas liga nya sendiri. Liga acak kadut tarkam dan problematik, grasak grusuk ga ada skill yang penting nendang bola, disatuin ma naturalisasi jg jadi lawak. Minyak jelantah di satuin ma aer kobokan ga nyatu..",negatif
"<username> <username> Naturalisasi gak naturalisasi sama aja sih buruknya sepakbola Indonesia. Mungkin emang bukan negara bola kali y, tapi negara politikus.",negatif
<username> <username> Mau naturalisasi Messi pun gk ngaruh Negara MALING kok di suruh maen bola,negatif
"Squad mahal dan lebih mahal dari lawannya tapi kalah telak Lebih sakitnya lagi kebobolan dari tendangan tengah lapanganðŸ¤¦ðŸ½â€â™‚ï¸ Haduuuh, kelemahan kendala bahasa dari pelatih hingga pemain naturalisasi Padahal yang terpenting dari sepak bola adalah kekompakan Telan pahit 0-4  ðŸ¤¦ðŸ½â€â™‚ï¸",negatif
"<username> Terus aja naturalisasi, sampai anak2 Indonesia pada males main bola di dalam negeri ðŸ˜¢ðŸ˜­ðŸ˜­ðŸ˜­",negatif
"babak1 : mana sih org2 yg ga setuju pemain belakang, di naturalisasi semua. Liat noh, bolong semua Babak 2 : ajg, pemain lokal atau pemain naturalisasi, blunder semua cok  Welcome to fans bola indonesiaðŸ™",negatif
<username> <username> keseringan dipuji jadi kepedean ini para pemain naturalisasi. jadinya bego maennya.,negatif
"Terlalu berat lawannya, malah bikin mood pemain gk baik... Menurutku hentikan program instan naturalisasi, mending benahi kelemahan yg mendasar sejak usia dini... Seperti passing, nahan bola, serta nutrisi yg baik biar fisiknya nggk kalah bersaing,,, terus benahin kompetisi.",negatif
Pemain naturalisasi di naturalisasi cuma buat di cadangin .. Trs ada yg bilang ini cuma pemanasan.. Ah yg bukan pemanasan ge cadangan terus.. Si dendy dimaenin terus.. Emang bener bener ga badminton ga bola wkwkwk..,negatif
<username> <username> <username> Nih lo aja kemakan omongannya STY. Sibuk jelekÂ²an org yg lo sebut lokal pret. Lo sendiri sebetulnya udah masuk ke golongan naturalisasi pret. Ini yg namanya membentur-benturkan. Ini ulahnya STY cuma lo ga sadar aja.,negatif
"Agak miris lihat supporter bola skrng, terlalu muja naturalisasi, jujur gue udah muak sm supporter"" modelan kek gitu, skrg nnton match indo aja udah gak se excited dulu, ya krna males sm supporternya yg dikit"" bawa"" personal.""",negatif
"<username> <username> <username> Coba lo liat sana ke google, alasan STY minta naturalisasi itu krn dia nilai pemain lokal bermasalah mentalnya. Dia juga bilang pemain naturalisasi akan menutupi kelemahan ini. Sadar atau ga-sadar, dg ngomong gini STY sudah membenturkan lokal sama naturalisasi.",negatif
"<username> <username> <username> STY itu sering menjelek-jelekan pemain lokal, semisal mengatakan bermental jelek, terus dia memuji-muji naturalisasi, dg bilang timnas lebih menakutkan dg adanya naturalisasi. Ini kan perbuatan yg membentur-benturkan lokal sama naturalisasi. Cuma fensnya aja yg gak pada sadar.",negatif
<username> <username> Betul...polarisasi naturalisasi n pembinaan prmain lokal itu udah sangat ga relevan...keduanya bisa berjalan beriringan...yang  kita ingin kan adalah out put terbaik dari keduanya..,negatif
"Kalau gw liat2 STY lovers ini pendukung program Naturalisasi dan rata2 emang fans bola luar disini, karena nanti kalau timnas bagus mereka ada bahan, tuh liat timnas sekarang ga ada yg maen di liga dagelan"" ðŸ˜‚""",negatif
"Fans bola indonesia dari jaman dulu masih aja polemik soal naturalisasi.   Gw sih posisi nolak naturalisasi. Dari 250juta, ada banyak bakat...tapi ya gitu disia2in. Sementara bahkan naturalisasi ternyata jadi projekan.  Kok bisa orang dukung dan oke aja soal naturalisasi",negatif
"<username> Memilih <username> sama kyk PSSI yg ketumnya sering di kritik oposisi"".. Apa sudah keabisan Putra Indonesia Terbaik sampai harus milih pemain ""Naturalisasi"".. bedanya klw timnas bola salah satu ""duta negara"" Klw Presiden satu ""pemimpin"" Negara... Mikirrrr""",negatif
Hope..program naturalisasi ni sebagai bersifat sementara..lagi manis kejayaan bola sepak negara ini hasil daripada pemain bangsa Malaysia #sukan,negatif
"<username> <username> <username> Kebablasan yg di maksd itu, naturalisasi tapi aspek pembinaannyaa di lupain. Kualitas liga turun terus. Standarisasi klub ga di jalanin. Kompetisi profesional cuma ada liga. Nah itu.",negatif
"<username> <username> <username> Padahal, program naturalisasi yang dia kerjain itu comot pemain random. Palingan mas mas tarkam dari Belanda yang kebetulan pagi main bola",negatif
<username> Anak kenal bola 2010 gak paham naturalisasi bukti pembinaan bola itu gagal.  Dia gak tau gimana 2004 indo maen di piala asia tanpa pemain asing. 2004 generasi terbaik timnas kala itu,negatif
<username> <username> Maka nya klo mau bola maju itu pembinaan. Tau naturaslisasi bntuk kegagalan knpa naturalisasi lagi bukan pembinaan usia dini,negatif
<username> Naturalisasi bukti gagal nya pembinaan sepak bola indo,negatif
"<username> <username> dari -+ 250 juta jiwa Masyarakat Indonesia gak ada yang bisa nendang bola,jadi wajar jalan terakhir naturalisasi walaupun hasilnya sama aja.",negatif
STY tidak pernah mengeluhkan kualitas pemain lokal. Tetapi permasalahan mindset dan etos kerja.. https://t.co/uFigy90uHR,positif
<username> Indonesia 0-2 Libya (STY pasti berbenah baik taktik &amp  susunan pemain. Tapi Libya sepertinya masih akan unggul) #strategibola #Tebakskor #indonesia #libya  <username> <username> <username>,positif
<username> Suka tidak suka Coach STY lah yang berhasil membawa gairah positif untuk timnas level senior. Karena Sejak evan dimas cs berhasil juala aff u19 orang2 cenderung lebih mengikuti timnas level junior ketimbang senior karena peforma timnas senior yang waktu itu jelek.,positif
<username> Yang paling kerja keras tinggi menurut sty itu kalau lokal ada 2 pemain..asnawi dan pratama arhan. Dia sering bikin contoh 2 pemain itu ketika ngelatih timnas kelompok umur. Arhan pas masih sering main emang gg..salah pilih klub aja dia,positif
"<username> <username> Salah satu alasan juga knp klub2 korea ttp ngelirik Asnawi, krn dari data statistik mereka pasti Asnawi msh terhitung bagus buat standar kuota pemain asing, bukan masalah koneksi STY dll. Arhan juga trmasuk kategori ini.",positif
"<username> <username> Tolonglah, sty ngelath dri rank 170an, dan tekhnik pasing operan dasar aja masih di ajarin di latihan timnas yg seharusnya di akademi ssb dan klub masing2, ga melulu soal piala juara dan aff, target pssi itu naik level ke jajaran asia bukan asean lagi",positif
Namanya aja pertandingan uji coba ya wajar kalau STY bereksperimen. Netizen coba baca deh ulasannya bagus ini ðŸ‘ðŸ»,positif
<username> Netijen yg benci sty mana mau liat fakta beginian ndos. Mereka beralibi sty belum juara. Padahal memberi jam terbang pemain muda itu penting.,positif
<username> Lhaaaa mungkin itu yg dijadikan dasar bagi sty untuk masang asnawi. Jadi bukan karena kesayangan dll,positif
Arkhan Fikri tidak usah kecewa.Pada saatnya Timnas Indonesia akan diisi full https://t.co/iwhKClmSyu memburu juara:Piala Asia tenggara dan Piala Asia. STY hebat Erick Thohir juga hebat. <username>,positif
"<username> Gila sih sty, pemain tertua aja usia 31ðŸ˜‚",positif
"<username> <username> Permasalahan timnas selama ini kan di lini depan, sty lbh banyakin stok lini depan jg bukan tanpa alasan. Bisa jadi itu strategi sty kalo lini depan deadlock kan? Witan sadil Egy juga posisinya mobile di depan sepertinya, untuk striker murni kemungkinan cuman Dimas dan sananta.",positif
pilihan 26 pemain yang sudah dikunci STY keknya udah benarÂ² pilihan sesuai taktik pelatih dan pakemnya. semoga gacor di piala asia,positif
<username> hutajua sasaðŸ˜‚,positif
<username> Kamu tau gak  Kenapa di jalan suka banyak mobil ? Karena aku mobilang suka sama kamu ðŸ¥°ðŸ¥°ðŸ¥°ðŸ¥°ðŸ¥°,positif
"<username> Ini Squad sebagian berari masih bisa main sampai at least 5 tahun kedepan. Kalau ditanya apa yang STY kasih ke Timans Indonesia? Ini legacy pemain muda yang dia kasih, berani potong generasi, jadi kebanyakan walaupun umur masih 23 tapi pemain udah banyak pengalaman.",positif
<username> Grup anti sty tidak senang lihat ini,positif
<username> <username> Ga ad taktik biasakan nnton atau baca postingan <username> disitu dijelasin STY itu banyak taktik dan gameplan lunya aja ga paham tolol,positif
"<username> Rataan pemain yg bagus utk masa depan. Kalopun STY gak bs ngasih apa2, mininal ngasih legacy pemain2 yg siap dr usia muda. Timnas kan biasanya avg nya diatas 25 bahkan 30++ pun msh dipanggil rutin.",positif
"<username> Yabagus artinya sty bangun tim ini buat jangka panjang, semoga ga di pecat sty",positif
"<username> <username> <username> <username> Eh sampah, yg lu ketik benar. Tpi yg difokuskan itu, dr awal di bahas, STY MASIH MAU NGELATIH TIMNAS  , APAPUN SITUASI NYA , BANGSAT.",positif
<username> Rataan usia.nya cuyy. .ngueriii.. Efek potong 2 generasi kemaren. .memang berani STY.  . Negara dg rataan usai termuda siapa ya ?? Indonesia pasti masuk salah satunya.,positif
<username> Yg StY butuhkan pemain2 naturalisasi..kualitas pemain liga 1 mgkn nggak berlaku..ðŸ™ðŸ¼ðŸ¤”,positif
"<username> <username> lah emang mau siapa yang dicoret? Arkhan wajar krn dia masih muda dan masih minim pengalaman dan saingannya terlalu kuat, STY jg pernah bilang Arkhan dipanggil buat proyek masa depan timnas, Adam Alis juga wajar dicotet klemar klemer gabisa lari fisik jelek.",positif
<username> <username> gue percaya ten hag kayak gw percaya STY,positif
<username> Request adam alis dikabulkan sty awokwok,positif
"Apa saatnya aku bikin kpopfication of Timnas ya? Apalagi pelatihnya STY, cuma masih was-was bakalan diperpanjang lagi atau enggak. Soalnya nasibnya ditentuin pas Piala Asia.",positif
"<username> 3-4-1-2 : Ernando, Ridho, Hubner, Baggott, Walsh, Klok, Ivar, Shayne, Marselino, Dimas, Struick  Berharap coach STY pake starting line up ini",positif
"<username> <username> Dendy secara permainan emang b aja tapi secara statistik gol + jml bermain utk timnas dia lebih baik dari striker di Liga 1 skarang yg pernah di panggil timnas era sty seperti dedik, ezra, yudo, dll Percayain aja sama sty dia tau apa yg dia butuhkan untuk timnyaðŸ‘ŒðŸ»""",positif
"<username> <username> <username> Bantu jawab dr POV sy bg. Dendy ini memang ga spesial dlm hal finishing/dribbling sbg striker. Tp dia punya stamina, work rate dan explosive power yg lumayan dibanding yg lain. Cocok dg skema STY yg mana strikernya diharuskan pressing bek atau gelandang lawan. Cont",positif
"STY mau explore taktik dan jam terbang pemain. we trust you coach, lesgoo piala Asia kita buktikann",positif
"<username> Gua paham sih kenapa STY coret mereka berdua. Lini tengah udah kebanyakan pemain, sedangkan untuk lini depan dikit bgt. Adam alis kan dicoret karena mau liburan katanya wkwk nah kalo Arkhan bismillah disimpen buat piala asia u-23",positif
<username> Benerlah. Jangan percaya n terpengaruh sama netizen. Udah ada buktinya kalo timnas dgn pemain pilihan netizen itu bakal ancur. Percaya kpd STY.,positif
Ini mirip awal coach shin megang timnas...sty berupaya memakai segala taktik walaupun hasil ngk bagus...di match ini jelas coba2...karena ada beberapa pemain baru gabung...ya kita liat aja progress nya..semoga makin gacorðŸ”¥ðŸ”¥,positif
"<username> <username> Itu juga luar biasa banget kalo bisa nahan Iraq, semoga STY &amp  semua pemain berbenah.",positif
<username> Semoga ada rezeki yg banyak utk sty dan pasukan..ðŸ˜‡,positif
<username> Aku ndak tau tapi udah jelas masuk skema STY. andaikan STY mau jujur...entahlah.,positif
<username> Hmm kalo diliat current form Adam Alis &gt &gt &gt  Dendy. Mungkin si Dendy punya etos kerja yg disukain STY ðŸ¤”,positif
"<username> Liat scr objektif skuad yg di bawa sty ke qatar, stok lini tengah tipis tapi melimpah sisi sayap. Udh ketebakkan gaya mainnya pasti andelin couter attack sayap",positif
"Namun secara keseluruhan, saya blm mendakwa STY gagal total.  Barangkali saja apa2 yang tlah dikerjakannya memang akan meledak di Piala Asia.  Mau starting 11 pemain rantau semua, mau kombinasi, terserah dia. Saya, kita hanya menantikan hasilnya. STY memang bagus atau gadang ota.",positif
"<username> <username> Sty motong generasi bang, karena tau kebanyakan kualitas pemain 28 tahun keatas kita di bawah rata rata untuk level timnas. pas sty dateng aja masih di ajarin passing yang bener.",positif
"<username> <username> Saya suka data taktik yg diuraikan mimin, ini ya buat anda netizen asal koment dan hujat, buka wawasan dgn mempelajari skema dan strategi coach STY...",positif
"<username> <username> <username> <username> Padahal awal sty dateng udh potong generasi, itu dia kemana aja baru sadar wkwk",positif
<username> <username> Yupp justru dikasih kesempatan sm STY buat latihan bareng pemain senior,positif
<username> <username> <username> <username> Jaman Simon : ngikutin request netizen kalah dibully Jaman Sty : Kemauan pelatih dibully juga sm netizen  Wkwkwk,positif
"<username> Baik banget sty, coret adam alis biar doi bisa liburanðŸ˜‹",positif
<username> <username> <username> ngapain bahas pemain yg gak dipanggil mas ? sebelum lilipaly gacor juga tetep gak dipilih.. bahkan kalo dipilihpun gak dimainin alias cadangan.. berarti emang dr awal bukan lilipaly pemain yg diminta sty.  terakhir main lawan burundi kan ? lawan argentina aja gak dimainin,positif
"<username> <username> Karena masih muda kayak nya dia. Ntar di Piala Asia U-23, pasti di keep dan jadi starter sih, soalnya dia andalan STY di U-23.",positif
"<username> <username> antara jordi, justin, sandy akan ada yg jadi gelandang.. banyak yg minta dendy/dimas dicoret itu bakalan resiko karna sisa sananta, hoky, rafaeel doang didepan. mungkin posisi mas adam dan arkhan udh ada kambuaya, marcelino, klok, jenner yg lebih sering dipake sty",positif
 ,positif
"<username> <username> Yang bikin kesel itu tuduhan titipan, seakan STY mau mempertaruhkan karir dia di piala asia dan CV dia demi menerima titipan pemain, sangat konyol cara berpikir mereka.",positif
<username> STY ga takut apa sama si bos,positif
"<username> <username> Dan yg masih ga dipahami semua org itu, favouritsm pelatih ke pemain tertentu kayak STY ini sebetulnya lazim (walau pasti bikin heran sendiri) ðŸ˜…  Sekelas Inggris, Brazil pun pernah gitu pelatihnya.",positif
"<username> <username> Wajar sih, formasi andalan sty kan pake 5 bek",positif
<username> Ngga ada takutÂ²nya STY sama bosnya <username> ya mbah,positif
"<username> <username> Adam alis sama arkhan lumayan, tp dibanding sama pemain tengah lain gimana? Sty bawa banyak pemain belakang, soalnya dari mereka2 bisa jd pemain tengah, maybe gitu ya. Jd ya gak cukup cuma jauh lebih baik dr kemarin dan gak jelak.",positif
"<username> <username> Suka hilang momen adam alis sama strategi sty, keep bola juga terlalu lama shg transisi nya jadi jelek, kualitasnya masih biasa aja sih dibanding gelandang yg sisa",positif
"<username> <username> Striker lokal ada 4 loh yg dibawa STY,sisany yg gk dibawa jauh lebih ampas dari dendy menurut gw",positif
"<username> <username> Karna kualitas liga kita emang buruk. Ini fakta.  Pemain lokal kita kebanyakan habis passing melongo dan diam. Ga bisa cari ruang, ga ada pergerakan tanpa bola dan pemahaman bermain yg baik. STY kurasa sampai frustasi disetiap latihan ngingetin habis passing hrus gerak. Wkkwkw",positif
<username> <username> <username> Di goal lainnya saat timnas dijelbol dia cuman nonton doang saat edo dan hubner pegang bola dibawah. Ga ada inisiatif gerak cari ruang dan minta bola. Padahal dia lowong. Wkwkwkw  Pemain liga satu mayoritas habis passing melongo dan diam ditempat. STY sampai bilang berkali2.,positif
"<username> <username> Ga mgkin juga, soalnya bek aslinya kalo wahyu di coretkan tinggal 4, cukup riskan kalo juga ngandelin 4 bek murni, apalagi sty sering pake formasi 3 bekðŸ˜…",positif
<username> Bilang aja takut sama tim besutan STY  ðŸ¤­ðŸ¤­,positif
"<username> <username> pelatihnya sty biarkan pilihannya yang sesuai apa yang dia mau, terakhir 2019 ngikutin pilihan netizen timnas ga pernah menang",positif
"<username> <username> buat kita sih ga paham kana ga berlisensi, sty kan lisensi nya afc pro. jd wajar",positif
"<username> <username> Lagi pula jarang bgt itu STY pakai 4-4-2 kayanya dia cma coba2 taktik aja, taktik pakemnya dia di timnas indo ya pakai 3 bek, semoga sih bnr ya lawan libya ini cma ajang coba2 pemain, taktik &amp  tes fisik aja, so kita tunggu aja nanti di piala asia ajang sebenarny",positif
"<username> Di Wolves biasa main 3 bek, kemarin 4 bek. Tp kemungkinan STY bakal pake formasi 3 bek lg di laga berikutnya. Mungkin kmrn krn beneran baru gabung aja, jd blm dpt instruksi/arahan detail.",positif
<username> 1. STY jelasin klo match kmrn cuma mau cek kondisi fisik pemain. Bahkan Witan aja dimainin jd bek kanan.  2. Pematangan taktik dimulai tgl 5 (vs Libya) &amp  9 (vs Iran). Formasi besok bakal beda sm yg kemarin.,positif
"<username> konsep sistem bermain masih sama, eksekusinya yg salah, statement sty bahwa match kemarin untuk match fitness saja,maka mari kita liat 2nd match vs libya apakah ada perubahan atau tidak, analisa main timnas oleh <username> juga menarik saat lawan libya kemarin.",positif
<username> <username> Fisik: Mengganti pemain di awal babak kedua dan menit 60 itu sudah jadi signature STY ðŸ¤£ðŸ¤£  Taktik: ga yakin STY berani memakai taktik ini lawan Jepang dan Irak.,positif
"Jangan begitu ah, dia pemain bagus lho sebenernya.  Cuma kemarin gua baca di mana gitu bahwa Justin Hubner bilang kemarin keSUlitan karena baru gabung dan metode/sistem dan posisi baru di Timnas yg asing baginya.  Pertanyaannya: - Kenapa STY yg harusnya dah tau kebutuhan pemain,â€¦",positif
<username> Itu bukan salah lo STY  Itu cuma hasil dari program PSSI dan naturalisasi,positif
"Pelatih Timnas Indonesia Shin Tae-Yong meminta fans tidak khawatir  Setelah kalah 0-4  coach shin meminta fans untuk tenang, STY beralasan laga uji coba pertama hanya untuk memeriksa kondisi para pemain saja usai menjalani TC di Antalya.  #bersamagaruda #menujupialaasia2023 https://t.co/hupq0KEOEq",positif
"Sofie Imam Faizal (pelatih fisik timnas Indonesia): Standar fisik yg dinginkan STY yaitu pemain mampu beraktivitas fisik dg menempuh jarak 11-13 km selama 2x45 menit, VO2 max harus di atas 60. Untuk saat ini, Asnawi jd pemain dg VO2 max tertinggi di timnas.",positif
"<username> <username> Yap bener setuju!  Mantep nya STY itu ini ya mintak, punya banyak taktik. Semoga sukses di Piala AsiaðŸ™ŒðŸ» Makasih mintakðŸ™ðŸ»",positif
"<username> <username> STY tuh banyak bgt variasi taktiknya. Jadi menurutku sesuai game plan per match nantinya. Haye bisa, Jenner bisa, sekali lagi butuh pemain yg gerak cari ruang. Mau dikasih sekelas De Bruyne kalo ga disupport pemain lain jg bakal percuma. So, ini bukan soal 1-2 org aja.",positif
"<username> <username> Kalo STY pengen build up ala De Zerbi butuh pemain tengah yang tenang, punya passing yg bagus, decision yg oke, bisa memfilter serangan lawan juga, atribut itu kayanya ada di Thom Haye ga sih mintak?",positif
<username> <username> <username> wkt tc d krosia pembentukan awl timnas u20 sty jga pakai 442 sebagai formasi tempaltenya jdi secara cover posisi lebih luas dan yg dituntut fisiknya,positif
<username> <username> <username> dari kebiasaan sty menangani timnas u20 sampai senior ketika tc memang fokus genjot d fisik dulu jadi nggk kaget 442 selalu jdi dasar taktiknya kalau pembuktian pasti tunggu di piala asia,positif
<username> <username> Memang sepertinya STY di laga ujicoba ini utk mengetes dan melihat kondisi beberapa pemainnya mengingat ada beberapa pemain yg baru bergabung seperti Jordi Amat yg sebenarnya masih dlm pemulihan cedera pd bahunya dan juga Justin Hubner,positif
"<username> <username> setuju, kalo mau menghakimi Sty ya nanti di piala Asia, di laga lawan Libya walau masuk FIFA point, Lawan Iran, biarkan aja Sty bereksperimen. Ini yg ga banyak di pahami netizen.",positif
<username> <username> jdi intinya STY maknai match ini training match aja spt pre season awl2 ngasih pemain minute play 45 menit tapi dimaknai serius oleh byk supporter timnas ðŸ¤£,positif
"<username> <username> <username> Ya kalo lu pesimis, ya simpen untuk lu aja, ga usah sebar di sosmed. Untung Sty mental nya ga lemah kayak ente. Menyerah Ama keadaan.",positif
"Utk pressing ini memang salah positif di era STY, ya. Trigger utk press jalan, ada mekanisme utk arahkan bola, lalu ada juga pressing trap spt ini. Intensitasnya pun cukup tinggi. Kalo dikaitkan sama press conference STY, pemain memang diforsir utk press agresif. https://t.co/QogvYJgPJu",positif
"[VIDEO TERBARU]  Kalo kata STY, laga ini untuk tes fisik. Jadi ga perlu dikhawatirkan soal skor. Make sense karena STY juga 'memaksa' Witan bermain di bek kanan yg notabene utk match fitness aja. Tp coba kita ulas beberapa problem teknisnya.    #Blibli <username> https://t.co/jmehRX795M",positif
"Pelatih timnas, Shin Tae-yong masih yakin kalau tim nya mengalami perkembangan yang positif, walau menelan hasil mengecewakan dalam uji coba. STY masih memiliki dua kesempatan ujicoba untuk menunjukkan performa tim asuhannya sebelum Piala Asia.  Setuju dengan pendapat STY lob? https://t.co/T9BAyEbnFh",positif
"<username> <username> Karena mental ampas bang. Mental tai kucing, dibacotin sty udh pada kebal",positif
"Bukannya rasis, mau sty dikontrak 1 abad ga masalah buat sy asal ada asisten bule nya <username> <username>",positif
<username> <username> lebih baik STY kalo dia penggantinya,positif
"<username> <username> tapi di timnas korea dulu, para pemain nya juga jebolan liga eropa bang. ga bisa diclaim cocok atau ngga cocok nya sih. lebih ke proses adaptasi pemain itu sendiri dengan skema sty",positif
"<username> <username> <username> silahkan cek kesimpulan dari bungcep <username>. Sejauh ini saya setuju dengan beliau. Mari kita lihat statement dari STY yg mengatakan akan serius di Fifa Matchday sesungguhnya melawan Libya Jumat, 5 Januari 2024. #harapanitumasihada",positif
"<username> <username> <username> <username> elkan pas debut jg gk bagus, adaptasi emang perlu. sebelum lolos piala asia pun timnas indo trial error di aff. butuh trial error banyak. sty ini emang suka eksperimen.",positif
Harusnya pengamat ongkang kaki aja di layar tv  Percaya kinerja sty udah world cup  Masalah sedang diberesin satu persatu  Pemain yg dipilih udah pasti yg terbaik,positif
"<username> Yah, namanya juga uji coba un. Lagian dari pernyataan coach STY juga pemainnya di rotasi semua. Kita lihat aja 2 pertandingan uji coba ini, apakah masih gak jelas permainannya atau tidak",positif
"<username> STY coba2 taktik, mainin pemain bukan di posisinya. Arteta coba2 taktik, mainin pemain bukan di posisinya. Arteta batu = STY batu #cocoklogygoblok",positif
<username> <username> Mau yg udah ??? Ada sekolah2 dan universitas yang dibangun sendiri oleh pak Prabowo. Atau mau yg paing epic ? Simak kata2 coach STY âœŒï¸ https://t.co/HofHtT2Xov,positif
Pengamat Anggap Wajar Coba-coba Formasi STY Saat Lawan Libya https://t.co/OB6FQCytjo,positif
Nggak usah khawatir ya Jebreeeteam kalo kata Coach STY ðŸ˜  Btw jangan lupa tonton bahasan soal hasil uji coba Indonesia ðŸ‡®ðŸ‡© vs ðŸ‡±ðŸ‡¾ Libya di DPI ntar malem ya! https://t.co/RDndFWJSI4,positif
<username> Kmrn adalah kamuflase STY supaya kekuatan sebenarnya Tidak tampak... Tunggu saatnya... Jepang akan.....,positif
"<username> Ini salah satu pertimbangan knp STY ga pilih Stefano ya Selain karna defensive action nya kurang, dan role nya di borneo kurang cocok dngn skema yg dimainkan STY",positif
"Pemain banyak yg baru debut, ada  yg abroad bru dateng, pemain debutan dan sty lagi bentuk chemistry antar pemain dan rotasi pun hampir 1 tim di match semalem. Tol0l bgt yg cmn liat kebobolan ama kalahnya doang",positif
Pelatih baru nanti dia jelas diuntungkan karena dapat skuad yang sudah bagus dan bisa dimainkan semua. Sedangkan STY selama jadi pelatih untuk dapat skuad bagus saja harus bertahap karena tidak semua ada dan bisa langsung dimainkan ðŸ¤·â€â™‚ï¸.,positif
<username> Pelatih baru nanti dia jelas diuntungkan karena dapat skuad yang sudah bagus dan bisa dimainkan semua. Sedangkan STY selama jadi pelatih untuk dapat skuad bagus saja harus bertahap karena tidak semua ada dan bisa langsung dimainkan ðŸ¤·â€â™‚ï¸.,positif
ada yg bilang â€œkami yang sadar akan proses tau coach apa yang anda lakukan tadi malamâ€  in sty we trustðŸ”¥,positif
"<username> Semoga yg gw harapin bener, klo sty masih nyembunyiin strategi bagusnya. Soalnya klo ngga, menurut gw permainan di jaman luis milla lebih enak diliat, apalagi jaman sty sekarang pemain skillnya udh bagus, dulu luis milla masih bnyak lokalan""",positif
<username> <username> Piala Indonesia bagaimana? Yg professional ataupun yg youth? Cba renungkan <username> . Mau timnas main kek Jepang? Ya federasinya lah yg hrus muter otak. STY pelatih &amp  jelas hrus benenah tp klo mau dpet hsil yg lbh baik ya fundamentalnya dong di beresin,positif
"<username> <username> xixixiixi bagi STY Dendy kualitasnya setara Asia, Lilipaly AFF doang :)",positif
<username> Cuma berharap sty di piala asia nnti bisa lebih maksumal,positif
"Percuma sih ngerecokin dan hate pemain di sosmed, itu mh ibarat lu nyapu pasir di gurun  Justru kalian klo benerÂ² peduli sama timnas harusnya sadar Timnas di era STY pas dia diawal dan satu tahun kmren itu beda  Mungkin dia kehilangan teman diskusi, bisa aja kan",positif
"<username> Masuk bool lu un. Nanti aja anjir ngenilainya pas di piala Asia. Toh yg ngelolosin Indo ke piala Asia ya STY, bukan Kim Jong Un.",positif
hasil jarang sparing away salah satunya nih....dan jelas sty berusaha berexperiment...keep it up bro!,positif
"<username> Sy sih justru optimis SM permainan babak ke2..ini cm laga uji coba utk explore dan experimen..di luar kesalahan bek timnas...permainan timnas babak ke 2 lbh menjanjikan...next Qt liat di leg ke 2 vs Libya..tentu STY akan pakai formasi yg agak serius""""",positif
"<username> woii... kasian napa ama mang Justin Hubner, dia baru debut, latian jg blm lama, c'mon lah, ni STY jg msh banyak eksperimen buat piala asia",positif
"<username> setujuu, sepertinya pertanyaan yg sama juga ada di kepala STY deh. underutilized mungkin rasanya. tp ngelihat pemain2 yg ada, posisi dia paling pas memang bek kanan sih. tengah sama belakang udah penuh sesak. tinggal gmn dia bersaing sama Asnawi aja.",positif
"<username> <username> izin menambahkan bungcep dan bungjoe, walaupun metode yang diterapkan STY, mulai dari pola makanan, latihan, hingga strategi sudah baik, tapi pihak klub dan pemainnya sendiri tidak koperatif, ya level timnas kita akan di situ situ saja",positif
"<username> <username> Ini ujiang bagi STY atau Trosier. Siapa yg gagal kemungkinan bisa disepak dari kursi kepelatihan timnasnya masing2. In STY we trus, God please help us",positif
<username> <username> <username> Klo mnurut gw sih emg ada budaya sepak bola sih antara sty sm pemain naturalisasi..tp gw prcaya ini bakal jadi tmbh kaya pngalamannya sm gaya mainnya..lebih pasnya emg pressure yg dikasi ga ngotak sih..g ad trend positif yg dikasi dri publik ke mereka,positif
<username> Iya dih sty sampai piala asia ini jga gpp. Yang santer Van Bronckhorst..,positif
"<username> <username> <username> Setuju, tgl 5 mungkin sty bakal ngacak lagi komposisi pemain nya atau final form nya nnti pas lawan iran di friendly ke 3 Buat amat bener banget, dia kayak nya jadi mentor aja deh atau asst sty buat backup sama coach nova, biar makin solid di lini belakang",positif
"<username> Jangan diragukan lagi, Jerman pun di obok2 STY apalagi cuma Vietnam dan Jepang.",positif
"<username> <username> Justru itu sty itu bukan butuh yg cuma bisa cetak gol aja, tapi fisik ada, dan juga dendy ini untuk sementara menjelang ragnar masuk, lagian ngapain nonton liga indo atau ngikutin banget, toh liganya aja ga beres, jgn mengandalkan pemain liga lokal kalo bagian depan om wkwk",positif
"<username> <username> lah komen kok bodoh, noh liat jepang, berapa pemain yang main di liga jepang yang di panggil timnas, trus lu maunya sty memilih pemain yang main di liga indonesia dari pada pemain yang main di liga eropa",positif
<username> <username> <username> itu jadi hal yang lumrah atau tabu di federasi kita karena federasi juga ngasih target ke pelatih  tapi beberapa ada yang bilang gaya filosofi sty gak sesuai dengan gaya pemain keturunan yang bersifat eropa  gue cuman berharap sty ngasih yang terbaik aja buat timnas,positif
"<username> <username> Dulu pelatihnya ini di AFF bkin kejutan. Di puji puji tidak ada yg bisa memprediksi starting eleven STY"" Skrng bgini di hujat. Trgantung pemain, pemain tuh diksih tanggungjawab, suruh striker jd bek ya laksanakan. Tunggu aja di Piala Asia ini, klo ancur baru evaluasi.""",positif
<username> <username> <username> Nah ini lah lo termasuk org yg membentur-benturkan lokal sama naturalisasi korban omongan STY yg suka menjelek-jelekan lokal dan mengagung-agungkan naturalisasi.,positif
"Hubner bahkan blm latihan bareng tim, tp langsung dimainin sm STY. Fix jd pemain inti sih ini. Pertanyaannya, STY ttp mainin dia sbg LCB (posisi aslinya), walau pengalaman di senior masih mentah bgt, atau digeser jd DMF? Energi mudanya bs dimanfaatin jd ball winner di tengah.",positif
"<username> <username> kayaknya emang lagi pada underperform. terus juga sbnernya di uji coba kemarin STY lagi fokus bereksperimen. Witan aja dijadiin RB semalam, padahal stok RB timnas masih ada Walsh, Asnawi. Tapi lebih milih nyoba Witan di RB. harusnya laga uji coba tuh jangan ditayangin.",positif
"<username> <username> <username> <username> Klo mSih goblok ya emank pemain kita yg levelnya segitu,,itu fakta. Jangankan STY,Pep Guardiola pun klo latih timnas kita bisa mendadak tololðŸ˜Ž",positif
<username> Sty sengaja mainin dulu banyak pemain lokal buat jadi perbandingan gimana kualitas yg main di liga 1 sama kualitas pemain yg di liga luar,positif
<username> <username> Positifnya uji coba ini kalau STY &amp  tim jadi tau kelemahan mereka saat uji coba + berusaha lebih baik saat piala asia nanti  Negatifnya kena mental  Semoga jauh lebih baik dari kemarin pas piala asia nanti,positif
"<username> <username> <username> kerasa jomplang banget ngeliat pasing pemain pure indonesia sama half blod hehe,berarti sty bener minta pemain keturunan",positif
"<username> <username> Hooh makanya, diganti semua pemain jadi semoga bener aja eksperimen sty",positif
<username> Tenang maseeee percaya STYðŸ˜,positif
"<username> <username> Namanya ujicoba,lu pernah liat sty pake formasi kemaren? Baru bgt itu,apalagi justin blm sampe 1 hari latihan blm baru debut juga",positif
<username> taktik STY ini biar kekuatan sesungguhnya timnas gak ketahuan oleh lawan di fase grup piala AFC hha,positif
"Selalu saya katakan ke <username>, olah raga itu hrs independen, Bila dicampur aduk dgn politik, hancur.   Apakah STY salah, gak bagus? Tidak. Bibit Pesepak Bola kita yg blm ada utk level asia bahkan dunia. Utk Level Asia Tenggara saja kita sdh dikejar vietnam dan Myanmar. Malu https://t.co/dGqwY5LPPo",positif
"<username> <username> Netizen maunya menang mulu ðŸ˜…, wajar lah STY nyoba semua pemain namanya juga friendly match",positif
"<username> Seinget gw komentator blg gini dgn hadirnya bberapa pemain baru, sty mencoba beberapa posisi dalam laga ini.. """"",positif
"<username> Lha gimana, Timnas bukan buat ngatur gimana main bola yg bener, gimana penempatan yg bener, itu kan tugas klub. Di Timnas tinggal panen hasil yg udah bener di liga maupun klub, sedikit banyak itu yg bikin STY ngambilin pemain2 diaspora",positif
<username> Kebiasaan STY. Kalau ujicoba suka bapuk. Pas main di turnamen apa FMD gacoorr,positif
"<username> <username> <username> Sty minta naturalisasi itu karena lokal kita ngampas. Kalo lokal bagus y pake lokal g naturalisasi, kaya pas ngelatih korsel. Tolong dong logika dipake ðŸ˜Œ",positif
<username> <username> <username> Yahhhh kebiasaan netijen kita  Bahkan udah ada yg nyuruh nyoret justin dan teriak sty out ðŸ˜´ Bandingkan saat Indonesia menang WO kontra Libya di GBK 2008,positif
"<username> Ini strategi STY, menyembunyikan kekuatan timnas yg sebenarnya, agar tidak dipantau Irak/Jepang/Vietnam di laga Asia nanti (ini contoh twit pemuja STY)",positif
"<username> <username> Pujian adalah racun. Termasuk sty, udh cukup maklumisasi, saatnya kasih kritikan pedas",positif
"STY masih berproses, yes   ðŸ¤Œ",positif
"<username> yup bisa jadi kaya gini, karna dari awal sebenernya Arhan sudah masuk skema STY tapi kl dr performa kerasa bgt penurunannya karna ga main reguler",positif
"<username> <username> Seenggaknya netijen gak spesifik ngehujat pemain siapa siapanya ndos wk. Paling sty yg kena, tp ya sty mana peduli, uji tanding gak ada target menang terusðŸ¤£",positif
<username> Masih seru sih antara Arhan-Edo. Walau STY kecenderungannya bakal ttp pilih Arhan.,positif
"<username> <username> <username> <username> Kalo dr berita yg beredar gt match kmrn match biasa, pas jumat besok baru masuk fifa match A, mskpn match biasa yaa sty nii kebiasaan suka nyoba hal diluar nalar yg bkin naik darah wkwkwk""",positif
"<username> Mourinho, Allegri, Guardiola juga bakal nyerah dengan skuat Timnas. Emang dari fundamentalnya aja gak megang. Makanya STY bisa bawa tim ini lolos ke Asian Cup aja udah ajaib",positif
"Kalah, Seri Menang itu hal yang wajar di sepakbola, kita tetap dukung apapun hasilnya, kritik sewajarnya jangan bawa2 local/naturalisasi, sama-sama cinta bola dan untuk lambang Garuda di dada ðŸ¦…ðŸ‡®ðŸ‡©ðŸ‡®ðŸ‡©ðŸ‡®ðŸ‡©â™¥ï¸â™¥ï¸  kami akan terus support dimanapun kamu berada, dan dalam keadaan apapun â™¥ï¸ https://t.co/Nopv5d69Ol",positif
"Supporter bola indo ini sdmnya pada rendah, yg mrk ngerti tuh cuma bagian naturalisasi saja. Seketika mrk lupa gmn mrk merendahkan pemain lokal. Yg ngrendahin pemain naturalisasi mah cuma beberapa tp dibikin heboh, sdngkn yg ngrendahin pemain lokal smpe bawa personal tuh banyak""",positif
gue plg benci sm akunâ€ bola indo yang mengandalkan drama2 ga penting buat mendongkrak popularitasnya.  masalah naturalisasi dan pelatih itu ibaratnya paling nomor bontot kalo masalah prioritas,positif
Malaysia juga banyak menggunakan pemain keturunan dan naturalisasi.  Jumlah ini lebih banyak dari Indonesia yang saat ini diisi oleh 8 pemain keturunan yang dinaturalisasi untuk Piala Asia 2023.  ðŸ“¸Pengamatsepakbola  #galerisepakbola #timnas #timnasday #timnasindonesia https://t.co/qdJRrL1BZX,positif
"<username> <username> ya deh bang, gua ga bertujuan membela naturalisasi ataupun membela hasil buruk timnas, tetapi meluruskan kalau main bola tidak semudah melihat hasil pertandingan",positif
<username> <username> inggris france aja yg jago maen bola msh byk naturalisasi,positif
"<username> <username> emang nya main bola, kumpulin orang langsung main, trus langsung hebat?, kan butuh penyesuaian bang  kalau benerin pembinaan dan perbanyak kompetisi gw juga setuju bang  tapi kalau konteks naturalisasi, yah sabar aja sampai lihat di piala asia.",positif
<username> <username> <username> Klo mnurut gw sih emg ada budaya sepak bola sih antara sty sm pemain naturalisasi..tp gw prcaya ini bakal jadi tmbh kaya pngalamannya sm gaya mainnya..lebih pasnya emg pressure yg dikasi ga ngotak sih..g ad trend positif yg dikasi dri publik ke mereka,positif
"<username> Pemain yg sekarang aq lihat ga banyak tingkah kayak si diego ini malah banyak ngasih hal2 positif kayak sandy negur halus jangan terlalu banyak ngemil coklat..hal2 seperti ini yg ga dilihat sama kaum yg kontra naturalisasi,ya ga bro <username>..ðŸ˜‚ðŸ˜‚",positif
"<username> Kurangnya Timnas  Masih perlu pemain Naturalisasi. Ayo PSSI lebih giat lagi cari orang-orang yang mau jadi WNI dan pemain bola yang bagus biar prestasi kita terangkat paling tidak di level Asia, kalo perlu full team dan pemain cadangan juga.",positif
"<username> <username> Main bola nunggu ,bukan jemput bola , seklas pemain naturalisasi jd bingung mau ngumpan akhirnya balik lg oper belakang wkwk. Umpang crosing udah kalah tinggi postur",positif
"Bacot ih, lokal ataupun naturalisasi kalo ga klop atau chemistrynya kureng yaa ga bakalan bagus mainnya. Gue malu anjir, fans2 bola indo  pada tolol2,salah dikit kritiknya kemana2, org yg udh ga main di babak 2 aja masih aja disuruh keluar, y gimana mau keluar, masuk aja gaðŸ˜­",positif
"Untuk lini serang? Gak bisa berword-word. Dikasih bola bawah kerebut. Dikasih bola atas kalah duel. Dan serung cenderung memaksakan. Fix, waktunya naturalisasi Erling Haaland dan Mbappe.",positif
"<username> bola lebih ngalir, emang butuh full naturalisasi ini mah",positif
"<username> Bisa yuk full pemain naturalisasi, gw capek ngeliat batang kayu maen bolaðŸ™",positif
<username> <username> Awas nanti pengamat Indonesia yg paham sepak bola Indonesia bilang oh ini salah pelatih bukan pemain padahal suporter liat ya elah pemain local main gini piala Asia di obok2 doang full naturalisasi juga gak apa2 setidaknya punya gaya main gak gampang salah pasing sama 1vs1 kalah,positif
naturalisasi semua pemain bola yg di dunia!!! ðŸ™Œ,positif
"<username> <username> <username> <username> Lu nnton match mana idiottt, ga liat lawan turkmenistan? ga liat U23? Liat lg dek chemistry U23 lebih mateng bisa tiki taka main bola pendek gak kek senior yg full naturalisasi main msh longball KACAUU.. orang kek elu sampahÂ² fans timnas liat bola ga objektif memek",positif
"<username> Terbaik?. Di atas kertas sih harusnya iya terbaik. Tp sepak bola gk bs diprediksi dg kuantitatif. Justru ini spt tamparan keras utk kita sendiri. Kita sibuk banget harus naturalisasi pemain demi menyesuaikan level timnas kita, sdgkan ada halÂ² lain yg perlu utk dikembangkan juga.",positif
"<username> <username> Makanya gw bilang gtu. Pemain indo yg abord aja kualitasnya masih gtu aja. Sok""an nolak pemain naturalisasi yg main di eropa. Setidaknya dr pemahaman bola diatas pemain indo yg passing kontrol masih ancur""an. So gk usah dah teriak"" lokal pride lagi kalo kualitas gtu"" aja...""",positif
"<username> <username> <username> Ya kan memang keturunan, substansinya apa kalo beliau tu keturunan? Daftar capres bisa, UU tidak melarang, sederhananya main bola aja bisa naturalisasi, mereka bisa membela Indonesia. Ahok aja bisa jadi bupati jadi gubernur. Mikir! Yg tidak boleh itu mengutak-Atik UU lewat MK",positif
<username> <username> <username> Gk ada yang di akalin. Semua sesuai prosedur naturalisasi.  ternyata emang hate speech saja daritadi argumen mu. ðŸ¤­  Dah kelihatan dungu nya.  Ya emang naturalisasi tujuan nya sepak bola. Emang mau buat apa?? Nambah pasukan TNI? ðŸ¤£  Bahasa Indonesia gk wajib dalam naturalisasi,positif
"<username> <username> <username> Akan""  Paham dong?? Yakali gk pahamðŸ¤£ Cadangan?? Wkwkwwk pemain naturalisasi harus 100% main gitu? ðŸ¤£ walau cidera wajib dimainkan? Dungu. Cadangan dalam sepak bola itu wajar. Buset akal sehat nya hilang. Rotasi dalam tim itu penting blok ðŸ¤£""",positif
"<username> <username> Ngeri Sekali, hari gini masih Bicara RAS!, Bukankah ketika sudah menjadi Warga Negara Indonesia Memiliki Hak yang sama, anda harus banyak belajar dari sepak Bola Indonesia, Yang Naturalisasi saja memiliki Hak yang sama apalagi yang lahir dan Besar di Negri ini.",positif
<username> <username> <username> <username> Udah ada aturan nya soal naturalisasi. Dan selama ini naturalisasi pemain bola di sahkan oleh dpr dan gk ada masalah.   Pemerintah gk ribet. Kok elu ribet?? ðŸ¤­ wkwkwkwkw dungu,positif
<username> <username> <username> <username> inget kata gw bahwa naturalisasi lebih besar dr urusan main bola. tp ya kalo taunya cm urusan bola ya wajar. ðŸ¤£,positif
"Padahal situasinya skrg lebih banyak yg dukung naturalisasi  &amp  progress STY di timnas. Ngebentur2in hal ini justru malah nambah musuh &amp  org antipati sm opininya. Harusnya netizen2 ini dirangkul, biar makin banyak yg cerewet tagih perbaikan sistem pembinaan ke federasi.",positif
<username> Setuju sejauh ini masih banyak pembenturan pembinaan dengan isu naturalisasi.   Apalagi yg bikin narasi polarisasi dengan melabeli lokal dan naturalisasi di timnas.   Ini narasi buat perpecahan kubu antar suporter Indonesia.,positif
"Yuk jurnalis, pengamat, influencer, netizen, yg ngakunya peduli pembinaan usia muda, sering2 ramein atau bikin postingan2 semacam ini yuk. Kita fokus support perbaikan grass root &amp  youth development. Drpd trus bentur2in isu ini sm naturalisasi, udh gak relevan lg.",positif
<username> <username> <username> <username> butuh itu apa maksudnya. kalo ukurannya di atas pemain lokal ya rata rata naturalisasi demikian wong naturalisasi pd berkarir di eropa bahkan bbrp di divisi teratas.  tp ini kan bola emang kalah ya tinggal kalah kan gak bakal pd mati lu kalah bola doang.,positif
<username> klo cuma karna banyak pemain naturalisasi filipina lebih banyak harusnya mereka lebih pantas berpestasi. klo tc di luar negeri emang seharusnya dilakuin dari dulu siapapun pelatihnya klo pssi emang niat majuin sepak bola indonesia.,positif
"<username> yg lokalâ€ koarâ€ gamau nerima pemain naturalisasi, coba liat nihhh pemain lokal yg klean banggain. bandel bgt, ksel gue lama lama ngeliat kelakuan timnas bola indo, udah bukan kek atlet tpi kelakuannya malah kek seleb, ngelanggar peraturan coach yg jelasâ€ itu buat kebaikan mereka",positif
"A untuk timnas! ðŸ”¥ ðŸ‡® ðŸ‡© Statistik Thom Haye di Eropa sungguh mengesankan, pantas jadi andalan kita. Semoga proses naturalisasi berjalan lancar dan Haye bisa memberikan kontribusi besar untuk kebangkitan sepak bola Indonesia! ðŸ’ª âš½ ï¸",positif
<username> <username> <username> ya memang dr dulu pemain indo gapernah fit makanya gapernah bisa main bola gapernah bisa menang udah cocok naturalisasi semua lebih disiplin tu bule2,positif
"Ciee, si Thom Haye lagi ngebut nih! Karirnya di sepak bola Eropa keren banget, bro! Sekarang lagi proses naturalisasi buat main di Timnas Indonesia, semoga bisa jadi pemain tengah kelas dunia deh!",positif
"<username> Kompetisi dari tahun 90an  hasilnya ya gtu2 saja, hal dasar dalam diet saja masih jauh dari harapan, pdhal kalau kata media gaji pemain2 bola lokal udah tinggi2. Naturalisasi cara yg halal, toh yg dicari half-blood. Liga dan pemain di dalam negeri arus bisa cath up nutup GAPnya",positif
"Masa penduduk 270an juta masih harus nyari naturalisasi sih buat dpt 11 pemain bola? Bro, jumlah diaspora kita tuh 8 jutaan, salah satu yg terbanyak di Asia. Masa dari 8 juta itu trus ada yg jago, ga boleh diambil? Mereka kan aset kita jg.",positif
<username> <username> <username> Van burgerking mah udah gamain bola baru dinaturalisasi. Emang PSSI jaman dulu aja kocak naturalisasi asal-asalan. Buktinya Lilipaly yang 1 periode sama naturalisasi gagal itu sukses kok. ðŸ¤£,positif
"<username> Padahal akar permasalahan ada disitu, naturalisasi cuma konsekuensi dari jeleknya kualitas kompetisi dan pembinaan usia dini bola lokal, lucunya yang selalu dikritisi konsekuensi nya tapi akar dari permasalahannya pada ademÂ² aja",positif
Nah tuh tahu kalau kompetisi sama pembinaan usia muda perlu dibenah. Naturalisasi keturunan kok terdengar jadi alasan untuk terhambatnya pengembangan sepak bola lokal,positif
Kompetisi bola lokal saja persoalan kinerja wasit tahun ke tahun blm ada perubahan signifikan. Gue sih setuju naturalisasi pemain berdarah indo.,positif
"<username> Bang argentina yg juara dunia aja baru Ini ambil pemain Spanyol loh, pemain keturunan udah biasa dalam dunia sepak bola, berhubung negara kita ga menganut Dwikenegaraan makanya harus naturalisasi""",positif
"<username> Krn sistem pembinaannya masih blm rapi/asal2an, jd banyak yg takut naturalisasi bikin federasi makin males benerin aspek ini. Kuncinya ada di keseriusan federasi benahi sistem pembinaan. Biar g terus dibentur2in sm isu naturalisasi.",positif
"<username> <username> Situasi skrg hampir semua lini kurang kuat untuk bersaing di level Asia. Talenta diaspora blm tentu tiap tahun muncul, jd g ada salahnya klo mau memaksimalkan. Toh buat kepentingan negara jg. Soal pembinaan ini bahasan berbeda, mau ada naturalisasi/ngga y harus ttp jln.",positif
<username> <username> Satu line up naturalisasi smua,positif
"<username> <username> <username> Tapi disini squadnya merata Bukan cm material posisinya Tapi pemain berdarah Jawa, Sumatera, Naturalisasi sampe anak timur Papua bener2 berhasil menyatukan fanatik club' bola yg waktu itu lagi rusuh2nya  Jd terbaik bukan cm prestasinya Tapi vibes nya waktu itu berasa bgt",positif
<username> <username> <username> Iya neneknya oramg sulawesi.. Itu udah memenuhi syarat FIFA kok untuk di naturalisasi.. Half blood sampai pihak kakek/nenek..,positif
"<username> seharusnya pemerintah bersikap jelas: memulangkan/mengusir mereka itu ndak mungkin dan tidak dibenarkan UUD peri kemanusiaan"" membuat mereka terus djadi ""pengungsi"" pun mau sampai kapan kalau naturalisasi atas nama sepak bola sadja ada kenapa atas dasar kemanusiaan tidak bisa""",positif
"<username> Pemain naturalisasi udah. Sekarang waktunya ganti generasi komentator juga. Nonton timnas, komentator cuma modal semangat dan jargon2 konyol.  Sesekali undang kek para pengamat bola di X ini, asli...beberapa ulasannya keren2 ngebahas taktik.",positif
"<username> <username> 3thun llu gk di naturalisasi mgkin msih trauma sama paketan naturalisasi era dualisme dlu lent... Tkut salah comot, taulah sifat org indo klo trauma lebaynya gk ketulungan...",positif
<username> <username> 3 tahun lalu indonesia memang ga gencar buat naturalisasi pemain. Mungkin ini waktu yang pas buat dia,positif
\,positif
Naturalisasi pemain keturunan menjadi langkah efektif sehubungan dengan pengelolaan akademi sepak bola indonesia yang belum bagus dan pengelolaan liga indonesia yang dinilai masih belum bisa bersaing dengan liga liga tetangga seperti Malaysia. Hanya beropini saja.,positif
semua persyaratan yang diperlukan untuk proses naturalisasi. Semoga Thom Haye segera menjadi bagian dari timnas Indonesia dan memberikan kontribusi besar dalam perjalanan sepak bola Indonesia.,positif
<username> Mau percaya sama akmal aja udah aneh. Dulu pas belum jadi anggota satgas anti mafia bola dia koar2 punya bukti adanya praktik mafia bola di internal federasi. Eh sekarang cuma tebar gosip2 yg mendiskreditkan pemain naturalisasi dan pelatih timnas  https://t.co/H80RK0qdCX,positif
